id,map,map_name,x1,y1,x2,y2,item,address,bit,logic,script,,difficulty,other notes,pop_overview_parent,pop_postfix,pop_x1,pop_y1,pop_x2,pop_y2,pop_map_override,pop_existing_section,pop_logic,pop_pos_mode
0,56,Prehistoria - South jungle / Start,51,19,52,20,528,8847,4,weapon,2034,7F2,,,Southern Jungle,behind bushes,,,,,,,,
1,56,Prehistoria - South jungle / Start,25,29,27,30,532,8849,1,weapon,2037,7F5,,,Southern Jungle,behind bushes,,,,,,,,
2,56,Prehistoria - South jungle / Start,30,37,31,38,515,8848,4,weapon,2040,7F8,dumb,,Southern Jungle,behind bushes,,,,,,,,
3,56,Prehistoria - South jungle / Start,24,42,26,43,513,8850,3,weapon,2043,7FB,dumb,,Southern Jungle,behind bushes,,,,,,,,
4,56,Prehistoria - South jungle / Start,25,48,28,49,532,8849,0,,2046,7FE,early,,Southern Jungle,,,,,,,,,
5,56,Prehistoria - South jungle / Start,28,78,29,79,532,8848,7,,2049,801,early,,Southern Jungle,,,,,,,,,
6,56,Prehistoria - South jungle / Start,31,80,33,81,513,8850,2,,2052,804,early,,Southern Jungle,,,,,,,,,
7,56,Prehistoria - South jungle / Start,40,57,41,59,513,8850,1,,2055,807,early,,Southern Jungle,,,,,,,,,
8,56,Prehistoria - South jungle / Start,39,59,40,60,513,8850,0,,2058,80A,early,,Southern Jungle,,,,,,,,,
9,56,Prehistoria - South jungle / Start,41,49,42,50,515,8848,3,,2061,80D,early,,Southern Jungle,,,,,,,,,
10,56,Prehistoria - South jungle / Start,60,54,61,56,513,8849,7,,2064,810,early,,Southern Jungle,,,,,,,,,
11,56,Prehistoria - South jungle / Start,59,52,60,53,513,8849,6,,2067,813,early,,Southern Jungle,,,,,,,,,
12,56,Prehistoria - South jungle / Start,74,22,75,23,515,8848,2,,2070,816,early,,Southern Jungle,,,,,,,,,
13,56,Prehistoria - South jungle / Start,76,25,77,26,528,8847,3,,2073,819,early,,Southern Jungle,,,,,,,,,
14,56,Prehistoria - South jungle / Start,76,24,77,25,513,8849,5,,2076,81C,early,,Southern Jungle,,,,,,,,,
15,56,Prehistoria - South jungle / Start,71,71,72,72,515,8848,1,,2079,81F,early,,Southern Jungle,,,,,,,,,
16,56,Prehistoria - South jungle / Start,74,56,75,58,513,8849,3,,2082,822,early,,Southern Jungle,,,,,,,,,
17,56,Prehistoria - South jungle / Start,41,78,42,79,515,8847,5,weapon,2085,825,dumb,,Southern Jungle,behind bushes,,,,,,,,
18,56,Prehistoria - South jungle / Start,54,41,56,42,515,8847,7,weapon,2094,82E,,,Southern Jungle,behind bushes,,,,,,,,
19,56,Prehistoria - South jungle / Start,29,35,30,36,532,8848,6,weapon,2097,831,dumb,,Southern Jungle,behind bushes,,,,,,,,
20,56,Prehistoria - South jungle / Start,20,56,23,57,513,8849,2,,2100,834,early,,Southern Jungle,,,,,,,,,
21,56,Prehistoria - South jungle / Start,79,71,80,73,515,8848,0,,2103,837,early,,Southern Jungle,,,,,,,,,
22,56,Prehistoria - South jungle / Start,50,82,51,83,513,8849,4,,2106,83A,early,,Southern Jungle,,,,,,,,,
23,56,Prehistoria - South jungle / Start,53,73,54,74,515,8847,6,,2109,83D,early,,Southern Jungle,,,,,,,,,
24,92,Prehistoria - Raptors,37,36,38,37,527,8884,4,,4116,1014,early,missable,Southern Jungle,,,,,,,,,
25,92,Prehistoria - Raptors,14,28,15,29,516,8884,2,,4119,1017,early,missable,Southern Jungle,,,,,,,,,
26,92,Prehistoria - Raptors,11,38,12,39,527,8884,3,,4122,101A,early,missable,Southern Jungle,,,,,,,,,
27,92,Prehistoria - Raptors,33,31,34,32,513,8884,1,,4125,101D,early,missable,Southern Jungle,,,,,,,,,
28,37,Prehistoria - Fire Eyes' Village,64,52,66,53,532,8850,4,,1293,50D,early,respawn every other load(?),Fire Eyes' Village,,,,,,,,,ignore
29,37,Prehistoria - Fire Eyes' Village,63,50,64,53,532,8850,4,,1296,510,early,respawn every other load(?),Fire Eyes' Village,,,,,,,,,ignore
30,37,Prehistoria - Fire Eyes' Village,66,50,67,53,532,8850,4,,1299,513,early,respawn every other load(?),Fire Eyes' Village,,,,,,,,,ignore
31,37,Prehistoria - Fire Eyes' Village,51,38,54,39,513,8851,3,,1305,519,early,,Fire Eyes' Village,,,,,,,,,
32,37,Prehistoria - Fire Eyes' Village,94,41,95,45,513,8851,2,,1308,51C,early,,Fire Eyes' Village,,,,,,,,,
33,37,Prehistoria - Fire Eyes' Village,49,56,52,57,515,8852,4,,1311,51F,early,,Fire Eyes' Village,,,,,,,,,
34,37,Prehistoria - Fire Eyes' Village,41,37,42,39,515,8852,3,,1314,522,early,,Fire Eyes' Village,,,,,,,,,
35,37,Prehistoria - Fire Eyes' Village,36,22,37,24,516,8852,0,,1317,525,early,,Fire Eyes' Village,,,,,,,,,
36,37,Prehistoria - Fire Eyes' Village,46,13,47,14,516,8851,7,,1320,528,early,,Fire Eyes' Village,,,,,,,,,
37,37,Prehistoria - Fire Eyes' Village,67,12,71,13,513,8851,1,,1323,52B,early,,Fire Eyes' Village,,,,,,,,,
38,37,Prehistoria - Fire Eyes' Village,79,15,80,16,516,8851,6,,1326,52E,early,,Fire Eyes' Village,,,,,,,,,
39,37,Prehistoria - Fire Eyes' Village,79,19,81,20,513,8851,0,,1329,531,early,,Fire Eyes' Village,,,,,,,,,
40,37,Prehistoria - Fire Eyes' Village,68,33,70,34,515,8852,2,,1332,534,early,,Fire Eyes' Village,,,,,,,,,
41,37,Prehistoria - Fire Eyes' Village,81,57,84,58,516,8851,5,,1335,537,early,,Fire Eyes' Village,,,,,,,,,
42,37,Prehistoria - Fire Eyes' Village,51,23,53,24,513,8851,4,,1338,53A,early,,Fire Eyes' Village,,,,,,,,,
43,37,Prehistoria - Fire Eyes' Village,80,41,84,44,532,8850,5,,1341,53D,early,,Fire Eyes' Village,,,,,,,,,
44,37,Prehistoria - Fire Eyes' Village,75,29,79,32,532,8850,6,,1344,540,early,,Fire Eyes' Village,,,,,,,,,
45,37,Prehistoria - Fire Eyes' Village,55,34,59,37,532,8850,7,,1347,543,early,,Fire Eyes' Village,,,,,,,,,
46,37,Prehistoria - Fire Eyes' Village,73,41,74,42,515,8852,1,,1350,546,early,unreachable,Fire Eyes' Village,,,,,,,,,ignore
47,91,Prehistoria - East jungle,54,46,55,47,528,8854,2,,4065,FE1,early,,Quick Sand Fields,,,,,,,,,
48,91,Prehistoria - East jungle,65,28,66,29,528,8854,1,,4068,FE4,early,,Quick Sand Fields,,,,,,,,,
49,91,Prehistoria - East jungle,23,43,24,44,528,8854,0,,4071,FE7,early,,Quick Sand Fields,,,,,,,,,
50,91,Prehistoria - East jungle,31,24,32,25,515,8853,1,weapon,4074,FEA,,,Quick Sand Fields,behind bushes,,,,,,,,
51,91,Prehistoria - East jungle,42,33,43,34,515,8853,0,,4077,FED,early,,Quick Sand Fields,,,,,,,,,
52,91,Prehistoria - East jungle,60,21,61,22,515,8852,7,,4080,FF0,early,,Quick Sand Fields,,,,,,,,,
53,91,Prehistoria - East jungle,54,49,55,50,513,8853,6,,4083,FF3,early,,Quick Sand Fields,,,,,,,,,
54,91,Prehistoria - East jungle,49,15,50,16,513,8853,5,weapon,4086,FF6,,,Quick Sand Fields,behind bushes,,,,,,,,
55,91,Prehistoria - East jungle,20,19,21,20,513,8853,4,weapon,4089,FF9,,,Quick Sand Fields,behind bushes,19,25,,,,,,overwrite
56,91,Prehistoria - East jungle,21,18,22,19,513,8853,3,weapon,4092,FFC,,,Quick Sand Fields,behind bushes,21,20,,,,,,overwrite
57,91,Prehistoria - East jungle,26,31,27,32,515,8852,6,weapon,4095,FFF,,,Quick Sand Fields,behind bushes,,,,,,,,
58,91,Prehistoria - East jungle,31,33,32,34,515,8852,5,,4098,1002,early,,Quick Sand Fields,,,,,,,,,
59,91,Prehistoria - East jungle,36,48,37,49,513,8853,2,,4101,1005,early,,Quick Sand Fields,,,,,,,,,
60,91,Prehistoria - East jungle,39,41,40,42,528,8853,7,,4104,1008,early,,Quick Sand Fields,,,,,,,,,
61,89,Prehistoria - Quick sand desert,34,56,35,57,512,8855,5,,3960,F78,early,,Quick Sand Fields,,,,,,,,,
62,89,Prehistoria - Quick sand desert,53,28,54,29,512,8855,4,,3963,F7B,,,Quick Sand Fields,behind thraxx or bushes,,,,,,,"[[""$canCutBushes""], [""thraxx""]]",
63,89,Prehistoria - Quick sand desert,51,62,52,63,512,8855,3,,3966,F7E,,,Quick Sand Fields,behind thraxx or bushes,,,,,,,"[[""$canCutBushes""], [""thraxx""]]",
64,89,Prehistoria - Quick sand desert,29,66,30,67,512,8855,2,,3969,F81,early,"same event as 62,15",Quick Sand Fields,,62,15,,,,,,
65,89,Prehistoria - Quick sand desert,56,13,57,14,532,8854,3,,3975,F87,,,Quick Sand Fields,behind thraxx or bushes,,,,,,,"[[""$canCutBushes""], [""thraxx""]]",
66,89,Prehistoria - Quick sand desert,49,32,50,33,532,8854,4,,3978,F8A,early,,Quick Sand Fields,,,,,,,,,
67,89,Prehistoria - Quick sand desert,33,47,34,48,532,8854,5,,3981,F8D,early,,Quick Sand Fields,,,,,,,,,
68,89,Prehistoria - Quick sand desert,51,46,52,47,532,8854,6,,3984,F90,,,Quick Sand Fields,behind thraxx or bushes,,,,,,,"[[""$canCutBushes""], [""thraxx""]]",
69,89,Prehistoria - Quick sand desert,20,56,21,57,532,8854,7,,3987,F93,early,,Quick Sand Fields,,,,,,,,,
70,89,Prehistoria - Quick sand desert,43,56,44,57,532,8855,0,,3990,F96,early,,Quick Sand Fields,,,,,,,,,
71,89,Prehistoria - Quick sand desert,51,79,52,80,532,8855,1,,3993,F99,early,,Quick Sand Fields,,,,,,,,,
72,89,Prehistoria - Quick sand desert,31,28,32,29,515,8855,6,,3996,F9C,early,,Quick Sand Fields,,,,,,,,,
73,89,Prehistoria - Quick sand desert,42,44,43,45,515,8855,7,,3999,F9F,early,,Quick Sand Fields,,,,,,,,,
74,89,Prehistoria - Quick sand desert,40,52,41,53,515,8856,0,,4002,FA2,early,,Quick Sand Fields,,,,,,,,,
75,89,Prehistoria - Quick sand desert,29,60,30,61,515,8856,1,,4005,FA5,early,,Quick Sand Fields,,,,,,,,,
76,89,Prehistoria - Quick sand desert,46,54,47,55,515,8856,2,,4008,FA8,early,,Quick Sand Fields,,,,,,,,,
77,89,Prehistoria - Quick sand desert,32,13,33,14,528,8856,3,,4011,FAB,,,Quick Sand Fields,behind thraxx or bushes,,,,,,,"[[""$canCutBushes""], [""thraxx""]]",
78,89,Prehistoria - Quick sand desert,24,48,25,49,528,8856,4,,4014,FAE,early,,Quick Sand Fields,,,,,,,,,
79,89,Prehistoria - Quick sand desert,54,48,55,49,528,8856,5,,4017,FB1,,,Quick Sand Fields,behind thraxx or bushes,,,,,,,"[[""$canCutBushes""], [""thraxx""]]",
80,89,Prehistoria - Quick sand desert,48,67,49,68,528,8856,7,,4020,FB4,early,,Quick Sand Fields,,,,,,,,,
81,103,Prehistoria - Bugmuck exterior,21,49,22,50,516,8857,0,,4512,11A0,early,,Bugmuck,,,,,,,,,
82,103,Prehistoria - Bugmuck exterior,36,63,37,64,516,8857,1,,4515,11A3,early,,Bugmuck,,,,,,,,,
83,103,Prehistoria - Bugmuck exterior,43,81,44,82,516,8857,2,,4518,11A6,early,,Bugmuck,,,,,,,,,
84,103,Prehistoria - Bugmuck exterior,42,38,43,39,516,8857,3,,4521,11A9,early,,Bugmuck,,,,,,,,,
85,103,Prehistoria - Bugmuck exterior,57,28,58,29,516,8857,4,,4524,11AC,early,,Bugmuck,,,,,,,,,
86,103,Prehistoria - Bugmuck exterior,61,25,62,26,516,8857,5,,4527,11AF,early,,Bugmuck,,,,,,,,,
87,103,Prehistoria - Bugmuck exterior,89,32,90,33,516,8857,6,,4530,11B2,early,,Bugmuck,,,,,,,,,
88,103,Prehistoria - Bugmuck exterior,87,78,88,79,516,8857,7,,4533,11B5,early,,Bugmuck,behind thraxx or bushes,,,,,,,,
89,103,Prehistoria - Bugmuck exterior,21,30,22,31,515,8858,0,,4536,11B8,early,,Bugmuck,,,,,,,,,
90,103,Prehistoria - Bugmuck exterior,29,60,30,61,515,8858,1,,4539,11BB,early,,Bugmuck,,,,,,,,,
91,103,Prehistoria - Bugmuck exterior,48,57,49,58,515,8858,2,,4542,11BE,early,,Bugmuck,,,,,,,,,
92,103,Prehistoria - Bugmuck exterior,42,29,43,30,515,8858,3,,4545,11C1,early,,Bugmuck,,,,,,,,,
93,103,Prehistoria - Bugmuck exterior,82,16,83,17,515,8858,4,,4548,11C4,,,Bugmuck,,,,,,,,"[[""$canCutBushes""], [""thraxx""]]",
94,103,Prehistoria - Bugmuck exterior,79,77,80,78,515,8858,5,,4551,11C7,early,,Bugmuck,,,,,,,,,
95,103,Prehistoria - Bugmuck exterior,99,48,100,49,515,8858,6,,4554,11CA,early,,Bugmuck,,,,,,,,,
96,103,Prehistoria - Bugmuck exterior,28,17,29,18,532,8858,7,,4557,11CD,,,Bugmuck,behind thraxx or bushes,,,,,,,"[[""$canCutBushes""], [""thraxx""]]",
97,103,Prehistoria - Bugmuck exterior,27,24,28,25,532,8859,0,,4560,11D0,early,,Bugmuck,,,,,,,,,
98,103,Prehistoria - Bugmuck exterior,42,43,43,44,532,8859,1,,4563,11D3,early,,Bugmuck,,,,,,,,,
99,103,Prehistoria - Bugmuck exterior,91,55,92,56,532,8859,2,,4566,11D6,early,,Bugmuck,,,,,,,,,
100,103,Prehistoria - Bugmuck exterior,96,58,97,59,532,8859,3,,4569,11D9,early,,Bugmuck,,,,,,,,,
101,103,Prehistoria - Bugmuck exterior,19,44,20,45,527,8859,4,,4572,11DC,early,,Bugmuck,,,,,,,,,
102,103,Prehistoria - Bugmuck exterior,28,32,29,33,512,8860,3,,4575,11DF,early,,Bugmuck,,,,,,,,,
103,103,Prehistoria - Bugmuck exterior,49,65,50,66,527,8859,5,,4578,11E2,early,,Bugmuck,,,,,,,,,
104,103,Prehistoria - Bugmuck exterior,59,14,60,15,527,8859,6,,4581,11E5,,,Bugmuck,behind thraxx or bushes,,,,,,,"[[""$canCutBushes""], [""thraxx""]]",
105,103,Prehistoria - Bugmuck exterior,29,47,30,48,528,8859,7,,4584,11E8,early,,Bugmuck,,,,,,,,,
106,103,Prehistoria - Bugmuck exterior,51,51,52,52,528,8860,0,,4587,11EB,early,,Bugmuck,,,,,,,,,
107,103,Prehistoria - Bugmuck exterior,58,21,59,22,528,8860,1,,4590,11EE,early,,Bugmuck,,,,,,,,,
108,103,Prehistoria - Bugmuck exterior,96,35,97,36,528,8860,2,,4593,11F1,early,,Bugmuck,,,,,,,,,
109,103,Prehistoria - Bugmuck exterior,23,58,24,59,512,8860,4,,4596,11F4,early,,Bugmuck,,,,,,,,,
110,103,Prehistoria - Bugmuck exterior,32,67,33,68,512,8860,5,,4599,11F7,early,,Bugmuck,,,,,,,,,
111,103,Prehistoria - Bugmuck exterior,45,72,46,73,512,8860,6,,4602,11FA,early,,Bugmuck,,,,,,,,,
112,103,Prehistoria - Bugmuck exterior,50,26,51,27,512,8860,7,,4605,11FD,early,,Bugmuck,,,,,,,,,
113,103,Prehistoria - Bugmuck exterior,64,59,65,60,512,8861,0,,4608,1200,early,,Bugmuck,,,,,,,,,
114,103,Prehistoria - Bugmuck exterior,93,60,94,61,512,8861,1,,4611,1203,early,,Bugmuck,,,,,,,,,
115,22,Prehistoria - BBM,49,91,50,92,513,8861,2,,780,30C,early,,Bugmuck,,,,,,,,,
116,22,Prehistoria - BBM,29,91,30,92,513,8861,3,,783,30F,early,,Bugmuck,,,,,,,,,
117,22,Prehistoria - BBM,27,81,28,82,528,8861,4,,786,312,early,,Bugmuck,,,,,,,,,
118,22,Prehistoria - BBM,39,73,40,74,528,8861,5,,789,315,early,,Bugmuck,,,,,,,,,
119,22,Prehistoria - BBM,33,56,34,57,528,8861,6,,792,318,early,,Bugmuck,,,,,,,,,
120,22,Prehistoria - BBM,42,40,43,41,528,8861,7,,795,31B,early,,Bugmuck,,,,,,,,,
121,22,Prehistoria - BBM,54,37,55,38,528,8862,0,,798,31E,early,,Bugmuck,,,,,,,,,
122,22,Prehistoria - BBM,29,18,30,19,528,8862,1,,801,321,early,,Bugmuck,,,,,,,,,
123,22,Prehistoria - BBM,23,69,24,70,515,8862,2,,804,324,dumb,,Bugmuck,,,,,,,,,
124,22,Prehistoria - BBM,60,63,61,64,515,8862,3,,807,327,dumb,,Bugmuck,,,,,,,,,
125,22,Prehistoria - BBM,60,37,61,38,515,8862,5,,810,32A,dumb,,Bugmuck,,,,,,,,,
126,22,Prehistoria - BBM,22,35,23,36,515,8862,4,,813,32D,early,,Bugmuck,,,,,,,,,
127,22,Prehistoria - BBM,32,83,33,84,516,8862,6,,816,330,early,,Bugmuck,,,,,,,,,
128,22,Prehistoria - BBM,35,75,36,76,516,8862,7,,819,333,early,,Bugmuck,,,,,,,,,
129,22,Prehistoria - BBM,49,66,50,67,516,8863,0,,822,336,early,,Bugmuck,,,,,,,,,
130,22,Prehistoria - BBM,35,59,36,60,516,8863,1,,825,339,early,,Bugmuck,,,,,,,,,
131,22,Prehistoria - BBM,42,49,43,50,516,8863,2,,828,33C,dumb,,Bugmuck,,,,,,,,,
132,22,Prehistoria - BBM,33,46,34,47,516,8863,3,,831,33F,dumb,,Bugmuck,,,,,,,,,
133,22,Prehistoria - BBM,26,24,27,25,516,8863,4,,834,342,dumb,,Bugmuck,,,,,,,,,
134,22,Prehistoria - BBM,55,20,56,21,516,8863,5,,837,345,early,,Bugmuck,,,,,,,,,
135,22,Prehistoria - BBM,54,77,55,78,532,8863,6,,840,348,early,,Bugmuck,,,,,,,,,
136,22,Prehistoria - BBM,19,56,20,57,532,8863,7,,843,34B,dumb,,Bugmuck,,,,,,,,,
137,22,Prehistoria - BBM,60,55,61,56,532,8864,0,,846,34E,dumb,,Bugmuck,,,,,,,,,
138,22,Prehistoria - BBM,35,31,36,32,532,8864,1,,849,351,dumb,,Bugmuck,,,,,,,,,
139,23,Prehistoria - Bug room 2,37,28,38,29,513,8864,2,,876,36C,early,,Bugmuck,,,,,,,,,
140,23,Prehistoria - Bug room 2,29,16,30,17,513,8864,3,,879,36F,early,,Bugmuck,,,,,,,,,
141,23,Prehistoria - Bug room 2,28,8,29,9,513,8864,4,,882,372,early,,Bugmuck,,,,,,,,,
142,23,Prehistoria - Bug room 2,31,42,32,43,528,8864,5,,885,375,early,,Bugmuck,,,,,,,,,
143,23,Prehistoria - Bug room 2,26,37,27,38,528,8864,6,,888,378,early,,Bugmuck,,,,,,,,,
144,23,Prehistoria - Bug room 2,29,25,30,26,528,8864,7,,891,37B,early,,Bugmuck,,,,,,,,,
145,23,Prehistoria - Bug room 2,22,28,23,29,515,8865,0,,894,37E,early,,Bugmuck,,,,,,,,,
146,23,Prehistoria - Bug room 2,36,19,37,20,515,8865,1,,897,381,early,,Bugmuck,,,,,,,,,
147,23,Prehistoria - Bug room 2,37,7,38,8,515,8865,2,,900,384,early,,Bugmuck,,,,,,,,,
148,23,Prehistoria - Bug room 2,34,32,35,33,516,8865,3,,903,387,early,,Bugmuck,,,,,,,,,
149,23,Prehistoria - Bug room 2,24,22,25,23,516,8865,4,,906,38A,early,,Bugmuck,,,,,,,,,
150,23,Prehistoria - Bug room 2,36,16,37,17,516,8865,5,,909,38D,early,,Bugmuck,,,,,,,,,
151,65,Prehistoria - North jungle,10,46,11,47,513,8865,6,weapon,2586,A1A,,,Northern Jungle,behind bushes,,,,,,,,
152,65,Prehistoria - North jungle,22,51,23,52,513,8865,7,weapon,2589,A1D,,,Northern Jungle,behind bushes,,,,,,,,
153,65,Prehistoria - North jungle,42,46,43,47,513,8866,0,weapon,2592,A20,,,Northern Jungle,behind bushes,,,,,,,,
154,65,Prehistoria - North jungle,50,38,51,39,513,8866,1,weapon,2595,A23,,,Northern Jungle,behind bushes,,,,,,,,
155,65,Prehistoria - North jungle,53,31,54,32,513,8866,2,weapon,2598,A26,,,Northern Jungle,behind bushes,,,,,,,,
156,65,Prehistoria - North jungle,21,25,22,26,513,8866,3,weapon,2601,A29,,,Northern Jungle,behind bushes,,,,,,,,
157,65,Prehistoria - North jungle,38,41,39,42,516,8866,4,weapon,2604,A2C,,,Northern Jungle,behind bushes,,,,,,,,
158,65,Prehistoria - North jungle,28,39,29,40,516,8866,5,weapon,2607,A2F,,,Northern Jungle,behind bushes,,,,,,,,
159,65,Prehistoria - North jungle,10,30,11,31,515,8866,6,weapon,2610,A32,,,Northern Jungle,behind bushes,,,,,,,,
160,65,Prehistoria - North jungle,31,32,32,33,515,8866,7,weapon,2613,A35,,,Northern Jungle,behind bushes,,,,,,,,
161,65,Prehistoria - North jungle,16,39,17,40,515,8867,0,weapon,2616,A38,,,Northern Jungle,behind bushes,,,,,,,,
162,65,Prehistoria - North jungle,8,49,9,50,515,8867,1,,2619,A3B,,,Northern Jungle,behind thraxx or bushes,,,,,,,"[[""$canCutBushes""], [""thraxx""]]",
163,65,Prehistoria - North jungle,51,50,52,51,515,8867,2,weapon,2622,A3E,,,Northern Jungle,behind bushes,,,,,,,,
164,65,Prehistoria - North jungle,37,28,38,29,528,8867,3,weapon,2625,A41,,,Northern Jungle,behind bushes,,,,,,,,
165,65,Prehistoria - North jungle,19,35,20,36,528,8867,4,weapon,2628,A44,,,Northern Jungle,behind bushes,,,,,,,,
166,65,Prehistoria - North jungle,47,24,48,25,528,8867,5,weapon,2631,A47,,,Northern Jungle,behind bushes,,,,,,,,
167,65,Prehistoria - North jungle,34,39,35,40,532,8867,6,weapon,2634,A4A,,,Northern Jungle,behind bushes,,,,,,,,
168,65,Prehistoria - North jungle,41,49,42,50,532,8867,7,weapon,2637,A4D,,,Northern Jungle,behind bushes,,,,,,,,
169,65,Prehistoria - North jungle,27,52,28,53,532,8868,0,weapon,2640,A50,,,Northern Jungle,behind bushes,,,,,,,,
170,65,Prehistoria - North jungle,27,48,28,49,512,8868,1,weapon,2643,A53,,,Northern Jungle,behind bushes,,,,,,,,
171,65,Prehistoria - North jungle,47,35,48,36,512,8868,2,weapon,2646,A56,,,Northern Jungle,behind bushes,,,,,,,,
172,39,Prehistoria - Mammoth Graveyard,20,43,21,44,532,8871,4,weapon,1374,55E,,,Northern Jungle,behind bushes,,,,,,,,
173,39,Prehistoria - Mammoth Graveyard,25,55,26,56,516,8870,6,weapon,1377,561,,,Northern Jungle,behind bushes,,,,,,,,
174,39,Prehistoria - Mammoth Graveyard,41,48,42,49,532,8871,3,weapon,1380,564,,,Northern Jungle,behind bushes,,,,,,,,
175,39,Prehistoria - Mammoth Graveyard,40,41,41,42,532,8871,1,weapon,1383,567,,,Northern Jungle,behind bushes,,,,,,,,
176,39,Prehistoria - Mammoth Graveyard,41,40,42,41,532,8871,0,weapon,1386,56A,,,Northern Jungle,behind bushes,,,,,,,,
177,39,Prehistoria - Mammoth Graveyard,54,43,55,44,532,8871,2,weapon,1389,56D,,,Northern Jungle,behind bushes,,,,,,,,
178,39,Prehistoria - Mammoth Graveyard,54,20,55,21,512,8872,0,weapon,1392,570,,,Northern Jungle,behind bushes,,,,,,,,
179,39,Prehistoria - Mammoth Graveyard,47,20,48,21,512,8871,7,weapon,1395,573,,,Northern Jungle,behind bushes,,,,,,,,
180,39,Prehistoria - Mammoth Graveyard,44,37,45,38,532,8870,7,weapon,1398,576,,,Northern Jungle,behind bushes,,,,,,,,
181,39,Prehistoria - Mammoth Graveyard,36,25,37,26,532,8871,6,weapon,1401,579,,,Northern Jungle,behind bushes,,,,,,,,
182,39,Prehistoria - Mammoth Graveyard,30,49,31,50,528,8869,1,weapon,1404,57C,,,Northern Jungle,behind bushes,,,,,,,,
183,39,Prehistoria - Mammoth Graveyard,40,44,41,45,528,8868,7,weapon,1407,57F,,,Northern Jungle,behind bushes,,,,,,,,
184,39,Prehistoria - Mammoth Graveyard,49,29,50,30,516,8870,4,weapon,1410,582,,,Northern Jungle,behind bushes,,,,,,,,
185,39,Prehistoria - Mammoth Graveyard,56,40,57,41,515,8870,2,weapon,1413,585,,,Northern Jungle,behind bushes,,,,,,,,
186,39,Prehistoria - Mammoth Graveyard,19,30,20,31,515,8869,6,weapon,1416,588,,,Northern Jungle,behind bushes,,,,,,,,
187,39,Prehistoria - Mammoth Graveyard,46,44,47,45,516,8870,5,weapon,1419,58B,,,Northern Jungle,behind bushes,,,,,,,,
188,39,Prehistoria - Mammoth Graveyard,29,45,30,46,528,8869,2,weapon,1422,58E,,,Northern Jungle,behind bushes,,,,,,,,
189,39,Prehistoria - Mammoth Graveyard,31,57,32,58,513,8868,4,weapon,1425,591,,,Northern Jungle,behind bushes,,,,,,,,
190,39,Prehistoria - Mammoth Graveyard,45,57,46,58,513,8868,3,weapon,1428,594,,,Northern Jungle,behind bushes,,,,,,,,
191,39,Prehistoria - Mammoth Graveyard,21,40,22,41,516,8870,3,weapon,1431,597,,,Northern Jungle,behind bushes,,,,,,,,
192,39,Prehistoria - Mammoth Graveyard,42,21,43,22,515,8869,7,weapon,1434,59A,,,Northern Jungle,behind bushes,,,,,,,,
193,39,Prehistoria - Mammoth Graveyard,57,25,58,26,515,8870,1,weapon,1437,59D,,,Northern Jungle,behind bushes,,,,,,,,
194,39,Prehistoria - Mammoth Graveyard,61,33,62,34,513,8868,5,weapon,1440,5A0,,,Northern Jungle,behind bushes,,,,,,,,
195,39,Prehistoria - Mammoth Graveyard,55,56,56,57,528,8869,0,weapon,1443,5A3,,,Northern Jungle,behind bushes,,,,,,,,
196,39,Prehistoria - Mammoth Graveyard,18,46,19,47,515,8869,5,weapon,1446,5A6,,,Northern Jungle,behind bushes,,,,,,,,
197,39,Prehistoria - Mammoth Graveyard,21,21,22,22,513,8868,6,weapon,1449,5A9,,,Northern Jungle,behind bushes,,,,,,,,
198,39,Prehistoria - Mammoth Graveyard,37,36,38,37,515,8870,0,weapon,1452,5AC,,,Northern Jungle,behind bushes,,,,,,,,
199,39,Prehistoria - Mammoth Graveyard,30,25,31,26,528,8869,4,weapon,1455,5AF,,,Northern Jungle,behind bushes,,,,,,,,
200,39,Prehistoria - Mammoth Graveyard,26,24,27,25,532,8871,5,weapon,1458,5B2,,,Northern Jungle,behind bushes,,,,,,,,
201,39,Prehistoria - Mammoth Graveyard,29,31,30,32,528,8869,3,weapon,1461,5B5,,,Northern Jungle,behind bushes,,,,,,,,
202,105,Prehistoria - Volcano path,21,75,22,76,513,8872,1,weapon,4740,1284,,,Volcano Path,,,,,,,,,
203,105,Prehistoria - Volcano path,23,67,24,68,513,8872,2,weapon,4743,1287,,,Volcano Path,,,,,,,,,
204,105,Prehistoria - Volcano path,33,70,34,71,513,8872,3,weapon,4746,128A,,,Volcano Path,,,,,,,,,
205,105,Prehistoria - Volcano path,55,81,56,82,513,8872,4,weapon,4749,128D,,,Volcano Path,,,,,,,,,
206,105,Prehistoria - Volcano path,63,68,64,69,513,8872,5,weapon,4752,1290,,,Volcano Path,,,,,,,,,
207,105,Prehistoria - Volcano path,38,58,39,59,513,8872,6,weapon,4755,1293,,,Volcano Path,,,,,,,,,
208,105,Prehistoria - Volcano path,52,46,53,47,513,8872,7,weapon,4758,1296,,,Volcano Path,,,,,,,,,
209,105,Prehistoria - Volcano path,25,40,26,41,513,8873,0,weapon,4761,1299,,,Volcano Path,,,,,,,,,
210,105,Prehistoria - Volcano path,43,25,44,26,513,8873,1,weapon,4764,129C,,,Volcano Path,,,,,,,,,
211,105,Prehistoria - Volcano path,27,82,28,83,528,8873,2,weapon,4767,129F,,,Volcano Path,,,,,,,,,
212,105,Prehistoria - Volcano path,47,76,48,77,528,8873,3,weapon,4770,12A2,,,Volcano Path,,,,,,,,,
213,105,Prehistoria - Volcano path,52,66,53,67,528,8873,4,weapon,4773,12A5,,,Volcano Path,,,,,,,,,
214,105,Prehistoria - Volcano path,54,39,55,40,528,8873,6,weapon,4776,12A8,,,Volcano Path,,,,,,,,,
215,105,Prehistoria - Volcano path,30,54,31,55,528,8873,5,weapon,4779,12AB,,,Volcano Path,,,,,,,,,
216,105,Prehistoria - Volcano path,37,21,38,22,528,8873,7,weapon,4782,12AE,,,Volcano Path,,36,21,,,,,,overwrite
217,105,Prehistoria - Volcano path,59,15,60,16,528,8874,0,weapon,4785,12B1,,,Volcano Path,,,,,,,,,
218,105,Prehistoria - Volcano path,49,19,50,20,515,8874,7,weapon,4788,12B4,,,Volcano Path,,,,,,,,,
219,105,Prehistoria - Volcano path,54,26,55,27,515,8874,6,weapon,4791,12B7,,,Volcano Path,,,,,,,,,
220,105,Prehistoria - Volcano path,44,31,45,32,515,8874,5,non-sword,4794,12BA,,,Volcano Path,behind non-sword,,,,,,,,
221,105,Prehistoria - Volcano path,50,56,51,57,515,8874,4,weapon,4797,12BD,,,Volcano Path,,,,,,,,,
222,105,Prehistoria - Volcano path,66,69,67,70,515,8874,3,weapon,4800,12C0,,,Volcano Path,,,,,,,,,
223,105,Prehistoria - Volcano path,17,70,18,71,515,8874,2,weapon,4803,12C3,,,Volcano Path,,,,,,,,,
224,105,Prehistoria - Volcano path,34,82,35,83,515,8874,1,weapon,4806,12C6,,,Volcano Path,,,,,,,,,
225,105,Prehistoria - Volcano path,35,40,36,41,516,8875,0,weapon,4809,12C9,,,Volcano Path,,,,,,,,,
226,105,Prehistoria - Volcano path,32,29,33,30,516,8875,1,non-sword,4812,12CC,,,Volcano Path,behind non-sword,31,29,,,,,,overwrite
227,105,Prehistoria - Volcano path,24,55,25,56,532,8875,2,weapon,4815,12CF,,,Volcano Path,,,,,,,,,
228,105,Prehistoria - Volcano path,43,41,44,42,532,8875,3,weapon,4818,12D2,,,Volcano Path,,,,,,,,,
229,102,Prehistoria - West of swamp,31,21,33,23,513,8883,0,weapon,4413,113D,,"same event as 42, 29 but that’s broken",Swamp,,,,,,,,,
230,102,Prehistoria - West of swamp,49,25,50,27,512,8883,7,weapon,4416,1140,,"same event as 50, 35 but that’s broken",Swamp,,,,,,,,,
231,102,Prehistoria - West of swamp,43,24,44,26,516,8883,6,weapon,4419,1143,,"same event as 43, 37 but that’s broken",Swamp,,,,,,,,,
232,102,Prehistoria - West of swamp,41,24,42,26,516,8883,5,weapon,4422,1146,,"same event as 19, 39 but that’s broken",Swamp,,,,,,,,,
233,102,Prehistoria - West of swamp,31,39,32,40,513,8882,7,weapon,4425,1149,,"same event as 34, 26 but that’s broken",Swamp,,,,,,,,,
234,102,Prehistoria - West of swamp,30,33,31,34,515,8883,4,weapon,4428,114C,,"same event as 18, 26 but that’s broken",Swamp,,,,,,,,,
235,102,Prehistoria - West of swamp,42,13,43,14,513,8847,2,weapon,4431,114F,,,Swamp,,,,,,,,,
236,102,Prehistoria - West of swamp,54,24,55,25,513,8883,1,weapon,4434,1152,,,Swamp,,,,,,,,,
237,102,Prehistoria - West of swamp,25,13,26,14,515,8883,2,weapon,4437,1155,,,Swamp,,,,,,,,,
238,102,Prehistoria - West of swamp,31,11,32,12,515,8883,3,weapon,4440,1158,,,Swamp,,,,,,,,,
239,102,Prehistoria - West of swamp,16,15,17,16,512,8884,0,weapon,4443,115B,,,Swamp,,,,,,,,,
240,101,Prehistoria - Swamp (main area),79,64,80,65,516,8846,5,weapon,4302,10CE,,,Swamp,,,,,,,,,
241,101,Prehistoria - Swamp (main area),4,65,5,67,513,8844,2,weapon,4326,10E6,,"unreachable but same event as 44, 77",Swamp,,44,77,45,80,,,,overwrite
242,101,Prehistoria - Swamp (main area),24,89,25,91,515,8845,4,weapon,4329,10E9,,,Swamp,,,,,,,,,
243,101,Prehistoria - Swamp (main area),57,86,58,88,515,8845,5,weapon,4332,10EC,,,Swamp,,,,,,,,,
244,101,Prehistoria - Swamp (main area),15,75,16,77,513,8844,0,weapon,4335,10EF,,,Swamp,,,,,,,,,
245,101,Prehistoria - Swamp (main area),18,79,21,81,513,8844,1,weapon,4338,10F2,,,Swamp,,,,,,,,,
246,101,Prehistoria - Swamp (main area),28,76,29,79,515,8845,6,weapon,4341,10F5,,,Swamp,,,,,,,,,
247,101,Prehistoria - Swamp (main area),44,84,46,85,513,8844,3,weapon,4344,10F8,,,Swamp,,,,,,,,,
248,101,Prehistoria - Swamp (main area),83,90,84,92,513,8844,4,weapon,4347,10FB,,,Swamp,,,,,,,,,
249,101,Prehistoria - Swamp (main area),79,80,84,81,515,8845,7,weapon,4350,10FE,,,Swamp,,,,,,,,,
250,101,Prehistoria - Swamp (main area),73,41,74,43,513,8844,5,weapon,4353,1101,,,Swamp,,,,,,,,,
251,101,Prehistoria - Swamp (main area),70,30,75,31,513,8844,6,weapon,4356,1104,,,Swamp,,,,,,,,,
252,101,Prehistoria - Swamp (main area),85,32,86,34,516,8846,6,weapon,4359,1107,,,Swamp,,,,,,,,,
253,101,Prehistoria - Swamp (main area),88,20,89,23,515,8846,0,weapon,4362,110A,,,Swamp,,,,,,,,,
254,101,Prehistoria - Swamp (main area),55,12,57,13,515,8846,1,weapon,4365,110D,,,Swamp,,,,,,,,,
255,101,Prehistoria - Swamp (main area),49,14,52,15,515,8846,2,weapon,4368,1110,,,Swamp,,,,,,,,,
256,101,Prehistoria - Swamp (main area),32,23,33,25,513,8844,7,weapon,4371,1113,,,Swamp,,,,,,,,,
257,101,Prehistoria - Swamp (main area),32,26,33,28,513,8845,0,weapon,4374,1116,,unreachable,Swamp,,,,,,,,,ignore
258,101,Prehistoria - Swamp (main area),29,17,31,18,516,8846,7,weapon,4377,1119,,"unreachable but same event as 18, 15",Swamp,,18,15,,,,,,overwrite
259,101,Prehistoria - Swamp (main area),26,14,27,16,515,8846,3,weapon,4380,111C,,,Swamp,,,,,,,,,
260,101,Prehistoria - Swamp (main area),16,25,17,29,515,8846,4,weapon,4383,111F,,,Swamp,,,,,,,,,
261,101,Prehistoria - Swamp (main area),13,52,14,54,513,8845,1,weapon,4386,1122,,,Swamp,,,,,,,,,
262,101,Prehistoria - Swamp (main area),28,57,29,60,513,8845,2,weapon,4389,1125,,,Swamp,,,,,,,,,
263,101,Prehistoria - Swamp (main area),21,70,26,71,513,8845,3,weapon,4392,1128,,,Swamp,,,,,,,,,
264,101,Prehistoria - Swamp (main area),13,62,14,64,516,8847,1,weapon,4395,112B,,,Swamp,,,,,,,,,
265,60,Prehistoria - Volcano Room 1,104,21,105,22,532,8880,2,volcano entered,2298,8FA,,,Volcano Core,,,,,,60f,,,
266,60,Prehistoria - Volcano Room 1,12,15,13,16,513,8879,0,volcano entered,2331,91B,,,Volcano Core,,,,,,60c,,,
267,60,Prehistoria - Volcano Room 1,32,50,33,51,513,8879,1,volcano entered,2334,91E,,,Volcano Core,,,,,,60h,,,
268,60,Prehistoria - Volcano Room 1,8,43,9,44,528,8879,2,volcano entered,2337,921,,,Volcano Core,,,,,,60g,,,
269,60,Prehistoria - Volcano Room 1,62,15,63,16,515,8879,3,volcano entered,2340,924,,,Volcano Core,,,,,,60e,,,
270,60,Prehistoria - Volcano Room 1,42,43,43,44,515,8879,4,volcano entered,2343,927,,,Volcano Core,,,,,,60h,,,
271,60,Prehistoria - Volcano Room 1,116,52,117,53,515,8879,5,volcano entered,2346,92A,,,Volcano Core,,,,,,60b,,,
272,60,Prehistoria - Volcano Room 1,38,79,39,80,515,8879,6,weapon,2349,92D,,,Northern Jungle,behind bushes,,,,,60a,,,
273,60,Prehistoria - Volcano Room 1,41,18,42,19,516,8879,7,volcano entered,2352,930,,,Volcano Core,,,,,,60d,,,
274,60,Prehistoria - Volcano Room 1,78,47,79,48,516,8880,0,volcano entered,2355,933,,,Volcano Core,,,,,,60i,,,
275,60,Prehistoria - Volcano Room 1,11,84,12,85,516,8880,1,volcano entered,2358,936,,,Volcano Core,,,,,,60j,,,
276,60,Prehistoria - Volcano Room 1,84,19,85,20,512,8880,3,volcano entered,2361,939,,,Volcano Core,,,,,,60e,,,
277,60,Prehistoria - Volcano Room 1,23,52,24,53,512,8880,4,volcano entered,2364,93C,,,Volcano Core,,,,,,60g,,,
278,60,Prehistoria - Volcano Room 1,103,45,104,46,512,8880,5,volcano entered,2367,93F,,,Volcano Core,,,,,,60b,,,
279,59,Prehistoria - Volcano Room 2,61,25,62,26,513,8876,3,volcano entered,2139,85B,,,Volcano Core,,,,,,,,,
280,59,Prehistoria - Volcano Room 2,44,30,45,31,513,8876,2,volcano entered,2142,85E,,,Volcano Core,,,,,,,,,
281,59,Prehistoria - Volcano Room 2,44,42,45,43,513,8876,1,volcano entered,2145,861,,,Volcano Core,,,,,,,,,
282,59,Prehistoria - Volcano Room 2,59,44,60,45,513,8876,0,volcano entered,2148,864,,,Volcano Core,,,,,,,,,
283,59,Prehistoria - Volcano Room 2,61,70,62,71,513,8875,7,volcano entered,2151,867,,,Volcano Core,,,,,,,,,
284,59,Prehistoria - Volcano Room 2,51,66,52,67,528,8876,4,volcano entered,2160,870,,,Volcano Core,,,,,,,,,
285,59,Prehistoria - Volcano Room 2,68,60,69,61,528,8876,5,volcano entered,2163,873,,,Volcano Core,,,,,,,,,
286,59,Prehistoria - Volcano Room 2,45,58,46,59,528,8876,6,volcano entered,2166,876,,,Volcano Core,,,,,,,,,
287,59,Prehistoria - Volcano Room 2,68,47,69,48,528,8876,7,volcano entered,2169,879,,,Volcano Core,,,,,,,,,
288,59,Prehistoria - Volcano Room 2,48,43,49,44,528,8877,0,volcano entered,2172,87C,,,Volcano Core,,,,,,,,,
289,59,Prehistoria - Volcano Room 2,37,27,38,28,528,8877,1,volcano entered,2175,87F,,,Volcano Core,,,,,,,,,
290,59,Prehistoria - Volcano Room 2,68,30,69,31,528,8877,2,volcano entered,2178,882,,,Volcano Core,,,,,,,,,
291,59,Prehistoria - Volcano Room 2,79,56,80,57,515,8877,3,volcano entered,2181,885,,,Volcano Core,,,,,,,,,
292,59,Prehistoria - Volcano Room 2,57,73,58,74,516,8877,4,volcano entered,2184,888,,,Volcano Core,,,,,,,,,
293,59,Prehistoria - Volcano Room 2,25,40,26,41,516,8877,5,volcano entered,2187,88B,,,Volcano Core,,,,,,,,,
294,59,Prehistoria - Volcano Room 2,54,80,55,81,532,8877,6,volcano entered,2190,88E,,,Volcano Core,,,,,,,,,
295,59,Prehistoria - Volcano Room 2,32,59,33,60,532,8877,7,volcano entered,2193,891,,,Volcano Core,,,,,,,,,
296,59,Prehistoria - Volcano Room 2,58,57,59,58,532,8878,0,volcano entered,2196,894,,,Volcano Core,,,,,,,,,
297,59,Prehistoria - Volcano Room 2,38,45,39,46,532,8878,1,volcano entered,2199,897,,,Volcano Core,,,,,,,,,
298,59,Prehistoria - Volcano Room 2,57,43,58,44,532,8878,2,volcano entered,2202,89A,,,Volcano Core,,,,,,,,,
299,59,Prehistoria - Volcano Room 2,80,31,81,32,532,8878,3,volcano entered,2205,89D,,,Volcano Core,,,,,,,,,
300,59,Prehistoria - Volcano Room 2,52,14,53,15,532,8878,4,volcano entered,2208,8A0,,,Volcano Core,,,,,,,,,
301,59,Prehistoria - Volcano Room 2,60,70,61,71,512,8878,5,volcano entered,2211,8A3,,,Volcano Core,,,,,,,,,
302,59,Prehistoria - Volcano Room 2,21,48,22,49,512,8878,6,volcano entered,2214,8A6,,,Volcano Core,,,,,,,,,
303,59,Prehistoria - Volcano Room 2,27,38,28,39,512,8878,7,volcano entered,2217,8A9,,,Volcano Core,,,,,,,,,
304,62,Prehistoria - Side rooms of pipe maze,54,34,55,35,512,8881,6,volcano entered,2523,9DB,,unreachable,Volcano Core,,,,,,62a,,,ignore
305,62,Prehistoria - Side rooms of pipe maze,29,29,30,30,532,8881,4,volcano entered,2526,9DE,,unreachable,Volcano Core,,,,,,,,,ignore
306,62,Prehistoria - Side rooms of pipe maze,92,30,93,31,532,8881,5,volcano entered,2529,9E1,,unreachable,Volcano Core,,,,,,62b,,,ignore
307,62,Prehistoria - Side rooms of pipe maze,99,20,100,21,516,8881,3,volcano entered,2532,9E4,,unreachable,Volcano Core,,,,,,62b,,,ignore
308,62,Prehistoria - Side rooms of pipe maze,48,21,49,22,515,8881,2,volcano entered,2535,9E7,,unreachable,Volcano Core,,,,,,62a,,,ignore
309,62,Prehistoria - Side rooms of pipe maze,25,29,26,30,528,8881,1,volcano entered,2538,9EA,,unreachable,Volcano Core,,,,,,,,,ignore
310,62,Prehistoria - Side rooms of pipe maze,108,30,109,31,513,8881,0,volcano entered,2541,9ED,,unreachable,Volcano Core,,,,,,62b,,,ignore
311,62,Prehistoria - Side rooms of pipe maze,83,28,84,29,513,8880,7,volcano entered,2544,9F0,,unreachable,Volcano Core,,,,,,62b,,,ignore
312,62,Prehistoria - Side rooms of pipe maze,66,26,67,27,513,8880,6,volcano entered,2547,9F3,,unreachable,Volcano Core,,,,,,62a,,,ignore
313,54,Prehistoria - Both fire pits (one room),28,36,29,37,528,8915,3,weapon,1914,77A,,,Quick Sand Fields,behind bushes,,,,,,,,
314,54,Prehistoria - Both fire pits (one room),30,41,31,42,532,8915,2,weapon,1917,77D,,,Quick Sand Fields,behind bushes,,,,,,,,
315,54,Prehistoria - Both fire pits (one room),35,32,36,33,516,8915,5,weapon,1920,780,,,Quick Sand Fields,behind bushes,,,,,,,,
316,54,Prehistoria - Both fire pits (one room),46,40,47,41,516,8915,4,weapon,1923,783,,,Quick Sand Fields,behind bushes,,,,,,,,
317,76,"Antiqua - Nobilia, Fountain and snake statues",20,24,21,35,513,8913,0,weapon,3252,CB4,,,Nobilia,,,,,,,,,
318,76,"Antiqua - Nobilia, Fountain and snake statues",11,24,12,35,513,8913,1,weapon,3255,CB7,,,Nobilia,,,,,,,,,
319,76,"Antiqua - Nobilia, Fountain and snake statues",8,12,9,13,520,8913,2,weapon,3258,CBA,,,Nobilia,,,,,,,,,
320,76,"Antiqua - Nobilia, Fountain and snake statues",23,12,24,13,520,8913,3,weapon,3261,CBD,,,Nobilia,,,,,,,,,
321,76,"Antiqua - Nobilia, Fountain and snake statues",12,21,13,22,514,8912,7,weapon,3264,CC0,,,Nobilia,,,,,,,,,
322,11,"Antiqua - Nobilia, Palace grounds",84,21,85,22,520,8912,6,"weapon, aegis",510,1FE,,,Nobilia,behind Aegis,,,,,,,,
323,11,"Antiqua - Nobilia, Palace grounds",3,23,4,24,530,8912,5,"weapon, aegis",513,201,,,Nobilia,behind Aegis,,,,,,,,
324,11,"Antiqua - Nobilia, Palace grounds",25,18,26,19,530,8912,4,"weapon, aegis",516,204,,,Nobilia,behind Aegis,,,,,,,,
325,11,"Antiqua - Nobilia, Palace grounds",80,33,81,34,515,8912,3,"weapon, aegis",519,207,,,Nobilia,behind Aegis,,,,,,,,
326,11,"Antiqua - Nobilia, Palace grounds",12,33,13,34,515,8912,2,"weapon, aegis",522,20A,,,Nobilia,behind Aegis,,,,,,,,
327,11,"Antiqua - Nobilia, Palace grounds",62,11,63,12,513,8912,1,"weapon, aegis",525,20D,,,Nobilia,behind Aegis,,,,,,,,
328,11,"Antiqua - Nobilia, Palace grounds",83,13,84,14,514,8911,6,"weapon, aegis",528,210,,,Nobilia,behind Aegis,,,,,,,,
329,11,"Antiqua - Nobilia, Palace grounds",4,13,5,14,514,8911,5,"weapon, aegis",531,213,,,Nobilia,behind Aegis,,,,,,,,
330,11,"Antiqua - Nobilia, Palace grounds",17,16,18,25,513,8912,0,"weapon, aegis",534,216,,,Nobilia,behind Aegis,17,16,18,34,,,,overwrite
331,11,"Antiqua - Nobilia, Palace grounds",70,16,71,34,513,8911,7,"weapon, aegis",537,219,,,Nobilia,behind Aegis,,,,,,,,
332,28,"Antiqua - Nobilia, North of Market",31,21,33,22,513,8886,3,weapon,1074,432,,,Nobilia,,,,,,,,,
333,28,"Antiqua - Nobilia, North of Market",6,14,8,15,513,8886,4,weapon,1077,435,,,Nobilia,,,,,,,,,
334,28,"Antiqua - Nobilia, North of Market",55,17,56,19,513,8886,5,weapon,1080,438,,,Nobilia,,,,,,,,,
335,28,"Antiqua - Nobilia, North of Market",41,8,42,9,516,8886,6,weapon,1083,43B,,,Nobilia,,,,,,,,,
336,28,"Antiqua - Nobilia, North of Market",6,5,7,6,516,8886,7,weapon,1086,43E,,,Nobilia,,,,,,,,,
337,28,"Antiqua - Nobilia, North of Market",15,16,16,17,527,8887,0,weapon,1089,441,,,Nobilia,,,,,,,,,
338,28,"Antiqua - Nobilia, North of Market",47,19,48,20,527,8887,1,weapon,1092,444,,,Nobilia,,,,,,,,,
339,28,"Antiqua - Nobilia, North of Market",62,5,63,6,528,8887,2,weapon,1095,447,,,Nobilia,,,,,,,,,
340,28,"Antiqua - Nobilia, North of Market",0,5,1,6,528,8887,3,weapon,1098,44A,,,Nobilia,,,,,,,,,
341,28,"Antiqua - Nobilia, North of Market",12,26,13,27,528,8887,4,weapon,1101,44D,,,Nobilia,,,,,,,,,
342,28,"Antiqua - Nobilia, North of Market",62,6,63,7,514,8887,5,weapon,1104,450,,,Nobilia,,,,,,,,,
343,28,"Antiqua - Nobilia, North of Market",13,6,14,7,514,8887,6,weapon,1107,453,,,Nobilia,,,,,,,,,
344,28,"Antiqua - Nobilia, North of Market",22,8,23,9,514,8887,7,weapon,1110,456,,,Nobilia,,,,,,,,,
345,28,"Antiqua - Nobilia, North of Market",7,27,8,28,531,8888,0,weapon,1113,459,,,Nobilia,,,,,,,,,
346,5,Antiqua - Between 'mids and halls,73,86,74,87,525,8913,4,weapon,81,51,,,Crustacia,,,,,,,,,
347,5,Antiqua - Between 'mids and halls,40,58,41,59,525,8913,5,weapon,84,54,,,Crustacia,,,,,,,,,
348,5,Antiqua - Between 'mids and halls,71,64,72,65,515,8913,6,weapon,87,57,,,Crustacia,,,,,,,,,
349,5,Antiqua - Between 'mids and halls,36,50,37,51,515,8913,7,weapon,90,5A,,,Crustacia,,,,,,,,,
350,5,Antiqua - Between 'mids and halls,52,33,53,34,515,8914,0,"weapon, revealer",93,5D,,,Halls of Collosia,,,,,,,,,
351,5,Antiqua - Between 'mids and halls,39,82,40,83,515,8914,1,weapon,96,60,,,Crustacia,,,,,,,,,
352,5,Antiqua - Between 'mids and halls,46,44,47,45,520,8914,2,weapon,99,63,,,Crustacia,,,,,,,,,
353,5,Antiqua - Between 'mids and halls,39,69,40,70,520,8914,3,weapon,102,66,,,Crustacia,,,,,,,,,
354,5,Antiqua - Between 'mids and halls,64,67,65,68,512,8914,4,weapon,105,69,,,Crustacia,,,,,,,,,
355,5,Antiqua - Between 'mids and halls,60,56,61,57,512,8914,5,bronze axe+,108,6C,,,Crustacia,behind Bronze Axe or higher,,,,,,,,
356,5,Antiqua - Between 'mids and halls,68,88,70,89,513,8914,6,weapon,111,6F,,,Crustacia,,,,,,,,,
357,5,Antiqua - Between 'mids and halls,68,71,69,72,514,8914,7,bronze axe+,114,72,,,Crustacia,behind Bronze Axe or higher,,,,,,,,
358,5,Antiqua - Between 'mids and halls,70,47,71,48,514,8915,0,bronze axe+,117,75,,,Crustacia,behind Bronze Axe or higher,,,,,,,,
359,5,Antiqua - Between 'mids and halls,75,56,76,57,530,8915,1,bronze axe+,120,78,,,Crustacia,behind Bronze Axe or higher,,,,,,,,
360,7,Antiqua - West of Crustacia,16,33,17,34,513,8897,7,weapon,252,FC,,,Crustacia,,,,,,,,,
361,7,Antiqua - West of Crustacia,19,18,20,19,513,8897,6,weapon,255,FF,,,Crustacia,,,,,,,,,
362,7,Antiqua - West of Crustacia,7,25,8,26,515,8897,5,weapon,258,102,,,Crustacia,,,,,,,,,
363,7,Antiqua - West of Crustacia,7,35,8,36,532,8897,4,weapon,261,105,,,Crustacia,,,,,,,,,
364,7,Antiqua - West of Crustacia,6,6,7,7,512,8897,3,weapon,264,108,,,Crustacia,,,,,,,,,
365,7,Antiqua - West of Crustacia,17,39,18,40,529,8897,2,weapon,267,10B,,,Crustacia,,,,,,,,,
366,7,Antiqua - West of Crustacia,36,13,37,14,529,8897,1,weapon,270,10E,,,Crustacia,,,,,,,,,
367,7,Antiqua - West of Crustacia,25,4,26,5,520,8897,0,weapon,273,111,,,Crustacia,,,,,,,,,
368,7,Antiqua - West of Crustacia,27,16,28,17,520,8896,7,weapon,276,114,,,Crustacia,,,,,,,,,
369,7,Antiqua - West of Crustacia,23,33,24,34,514,8896,6,weapon,279,117,,,Crustacia,,,,,,,,,
370,7,Antiqua - West of Crustacia,27,26,28,27,525,8896,5,weapon,282,11A,,,Crustacia,,,,,,,,,
371,7,Antiqua - West of Crustacia,2,18,3,19,525,8896,4,weapon,285,11D,,,Crustacia,,,,,,,,,
372,79,Antiqua - East of Crustacia,43,34,44,35,525,8884,5,"weapon, east crustacia chests access",3297,CE1,hidden,,Crustacia,behind Levitate,,,,,,,,
373,79,Antiqua - East of Crustacia,23,34,24,35,525,8884,6,weapon,3300,CE4,,,Crustacia,,,,,,,,,
374,79,Antiqua - East of Crustacia,17,41,18,42,525,8884,7,weapon,3303,CE7,,,Crustacia,,,,,,,,,
375,79,Antiqua - East of Crustacia,33,50,34,51,525,8885,0,weapon,3306,CEA,,,Crustacia,,,,,,,,,
376,79,Antiqua - East of Crustacia,41,29,42,30,515,8885,1,weapon,3309,CED,,,Crustacia,,,,,,,,,
377,79,Antiqua - East of Crustacia,43,31,44,32,520,8885,2,weapon,3312,CF0,,,Crustacia,,,,,,,,,
378,79,Antiqua - East of Crustacia,39,43,40,44,520,8885,3,weapon,3315,CF3,,,Crustacia,,,,,,,,,
379,79,Antiqua - East of Crustacia,28,38,29,39,512,8885,4,weapon,3318,CF6,,,Crustacia,,,,,,,,,
380,79,Antiqua - East of Crustacia,21,50,22,51,512,8885,5,weapon,3321,CF9,,,Crustacia,,,,,,,,,
381,79,Antiqua - East of Crustacia,23,57,24,58,512,8885,6,weapon,3324,CFC,,,Crustacia,,,,,,,,,
382,79,Antiqua - East of Crustacia,23,44,24,45,514,8885,7,weapon,3327,CFF,,,Crustacia,,,,,,,,,
383,79,Antiqua - East of Crustacia,42,48,43,49,530,8886,0,weapon,3330,D02,,,Crustacia,,,,,,,,,
384,79,Antiqua - East of Crustacia,30,45,31,46,529,8886,1,weapon,3333,D05,,,Crustacia,,,,,,,,,
385,79,Antiqua - East of Crustacia,42,41,43,42,529,8886,2,"weapon, east crustacia chests access",3336,D08,hidden,,Crustacia,behind Levitate,,,,,,,,
386,47,Antiqua - Horace's camp,80,60,81,61,525,8890,5,weapon,1743,6CF,hidden,,Crustacia,,,,,,,,,
387,47,Antiqua - Horace's camp,27,61,28,62,515,8891,0,weapon,1746,6D2,,,Crustacia,,,,,,,,,
388,47,Antiqua - Horace's camp,63,69,64,70,512,8891,3,weapon,1749,6D5,hidden,,Crustacia,,,,,,,,,
389,47,Antiqua - Horace's camp,37,22,38,23,520,8891,1,weapon,1752,6D8,,,Crustacia,,,,,,,,,
390,47,Antiqua - Horace's camp,67,25,68,26,520,8891,2,weapon,1755,6DB,,,Crustacia,,,,,,,,,
391,47,Antiqua - Horace's camp,34,53,35,54,513,8891,5,weapon,1758,6DE,,,Crustacia,,,,,,,,,
392,47,Antiqua - Horace's camp,20,59,21,60,514,8891,6,weapon,1761,6E1,,,Crustacia,,,,,,,,,
393,47,Antiqua - Horace's camp,17,34,18,35,532,8891,7,weapon,1764,6E4,,,Crustacia,,,,,,,,,
394,47,Antiqua - Horace's camp,70,38,71,39,530,8892,0,weapon,1767,6E7,,,Crustacia,,,,,,,,,
395,47,Antiqua - Horace's camp,70,39,71,40,530,8892,1,weapon,1770,6EA,,,Crustacia,,,,,,,,,
396,47,Antiqua - Horace's camp,51,21,52,22,530,8892,2,weapon,1773,6ED,,,Crustacia,,,,,,,,,
397,47,Antiqua - Horace's camp,45,50,46,51,529,8892,3,weapon,1776,6F0,,,Crustacia,,,,,,,,,
398,47,Antiqua - Horace's camp,36,34,37,35,529,8892,4,weapon,1779,6F3,,,Crustacia,,,,,,,,,
399,47,Antiqua - Horace's camp,46,64,47,65,513,8891,4,weapon,1782,6F6,,,Crustacia,,,,,,,,,
400,47,Antiqua - Horace's camp,77,68,78,69,527,8890,4,weapon,1785,6F9,,,Crustacia,,,,,,,,,
401,47,Antiqua - Horace's camp,74,61,75,62,528,8890,3,weapon,1788,6FC,,,Crustacia,,,,,,,,,
402,47,Antiqua - Horace's camp,68,68,69,69,515,8890,7,weapon,1791,6FF,,,Crustacia,,,,,,,,,
403,47,Antiqua - Horace's camp,78,60,79,61,515,8890,6,weapon,1794,702,hidden,,Crustacia,,,,,,,,,
404,47,Antiqua - Horace's camp,80,46,81,47,528,8890,2,weapon,1797,705,hidden,,Crustacia,,,,,,,,,
405,47,Antiqua - Horace's camp,79,42,80,43,516,8890,1,weapon,1800,708,hidden,,Crustacia,,,,,,,,,
406,6,Antiqua - Outside of 'mids,101,55,102,56,512,8899,4,"weapon, pyramid",171,AB,,,Pyramid,,,,,,,,,
407,6,Antiqua - Outside of 'mids,78,27,79,28,512,8899,5,"weapon, pyramid",174,AE,,,Pyramid,,,,,,,,,
408,6,Antiqua - Outside of 'mids,71,25,72,26,512,8899,6,"weapon, pyramid",177,B1,,,Pyramid,,,,,,,,,
409,6,Antiqua - Outside of 'mids,30,75,31,76,512,8899,7,"weapon, pyramid",180,B4,,,Pyramid,,,,,,,,,
410,6,Antiqua - Outside of 'mids,57,100,58,101,532,8900,0,"weapon, pyramid",183,B7,,,Pyramid,,,,,,,,,
411,6,Antiqua - Outside of 'mids,63,79,64,80,532,8900,1,"weapon, pyramid",186,BA,,,Pyramid,,,,,,,,,
412,6,Antiqua - Outside of 'mids,69,44,70,45,530,8900,2,"weapon, pyramid",189,BD,,,Pyramid,,,,,,,,,
413,6,Antiqua - Outside of 'mids,72,61,73,62,530,8900,3,"weapon, pyramid",192,C0,,,Pyramid,,,,,,,,,
414,6,Antiqua - Outside of 'mids,95,99,96,100,530,8900,4,"weapon, pyramid",195,C3,,,Pyramid,,,,,,,,,
415,6,Antiqua - Outside of 'mids,70,100,71,101,529,8900,5,"weapon, pyramid",198,C6,,,Pyramid,,,,,,,,,
416,6,Antiqua - Outside of 'mids,33,94,34,95,529,8900,6,"weapon, pyramid",201,C9,,,Pyramid,,,,,,,,,
417,6,Antiqua - Outside of 'mids,29,43,30,44,529,8900,7,"weapon, pyramid",204,CC,,,Pyramid,,,,,,,,,
418,6,Antiqua - Outside of 'mids,85,28,86,29,529,8901,0,"weapon, pyramid",207,CF,,,Pyramid,,,,,,,,,
419,6,Antiqua - Outside of 'mids,82,101,83,102,513,8901,1,"weapon, pyramid",210,D2,,,Pyramid,,,,,,,,,
420,6,Antiqua - Outside of 'mids,87,67,88,68,520,8901,2,"weapon, pyramid",213,D5,,unreachable,Pyramid,,,,,,,,,ignore
421,6,Antiqua - Outside of 'mids,53,52,54,53,520,8901,3,"weapon, pyramid",216,D8,,,Pyramid,,,,,,,,,
422,6,Antiqua - Outside of 'mids,28,57,29,58,515,8901,4,"weapon, pyramid",219,DB,,,Pyramid,,,,,,,,,
423,6,Antiqua - Outside of 'mids,31,33,32,34,515,8901,5,"weapon, pyramid",222,DE,,,Pyramid,,,,,,,,,
424,6,Antiqua - Outside of 'mids,55,26,56,27,515,8901,6,"weapon, pyramid",225,E1,,,Pyramid,,,,,,,,,
425,6,Antiqua - Outside of 'mids,99,44,100,45,514,8901,7,"weapon, pyramid",228,E4,,,Pyramid,,,,,,,,,
426,43,Antiqua - Outside of halls,55,12,56,13,532,8890,0,"weapon, revealer",1611,64B,,,Halls of Collosia,,,,,,,,,
427,43,Antiqua - Outside of halls,40,19,41,20,532,8889,7,"weapon, revealer",1614,64E,,,Halls of Collosia,,,,,,,,,
428,43,Antiqua - Outside of halls,25,11,26,12,532,8889,6,"weapon, revealer",1617,651,,,Halls of Collosia,,,,,,,,,
429,43,Antiqua - Outside of halls,67,24,68,25,525,8889,5,"weapon, revealer",1620,654,,,Halls of Collosia,,,,,,,,,
430,43,Antiqua - Outside of halls,41,29,42,30,525,8889,4,"weapon, revealer",1623,657,,,Halls of Collosia,,,,,,,,,
431,43,Antiqua - Outside of halls,29,18,30,19,525,8889,3,"weapon, revealer",1626,65A,,,Halls of Collosia,,,,,,,,,
432,43,Antiqua - Outside of halls,36,13,37,14,530,8889,2,"weapon, revealer",1629,65D,,,Halls of Collosia,,,,,,,,,
433,43,Antiqua - Outside of halls,56,32,57,33,530,8889,1,"weapon, revealer",1632,660,,,Halls of Collosia,,,,,,,,,
434,43,Antiqua - Outside of halls,28,31,29,32,530,8889,0,"weapon, revealer",1635,663,,,Halls of Collosia,,,,,,,,,
435,43,Antiqua - Outside of halls,2,6,3,7,520,8888,7,"weapon, revealer",1638,666,,,Halls of Collosia,,,,,,,,,
436,43,Antiqua - Outside of halls,62,1,63,2,520,8888,6,"weapon, revealer",1641,669,,,Halls of Collosia,,,,,,,,,
437,43,Antiqua - Outside of halls,14,4,15,5,520,8888,5,"weapon, revealer",1644,66C,,,Halls of Collosia,,,,,,,,,
438,43,Antiqua - Outside of halls,51,11,52,12,529,8888,4,"weapon, revealer",1647,66F,,,Halls of Collosia,,,,,,,,,
439,43,Antiqua - Outside of halls,9,30,10,31,529,8888,3,"weapon, revealer",1650,672,,,Halls of Collosia,,,,,,,,,
440,43,Antiqua - Outside of halls,45,6,46,7,529,8888,2,"weapon, revealer",1653,675,,,Halls of Collosia,,,,,,,,,
441,43,Antiqua - Outside of halls,7,12,8,13,529,8888,1,"weapon, revealer",1656,678,,,Halls of Collosia,,,,,,,,,
442,75,Antiqua - Oglin cave,43,52,44,53,529,8896,3,"weapon, oglin cave access",3144,C48,far,,Oglin Tunnel,,,,,,75b,,,
443,75,Antiqua - Oglin cave,107,50,108,51,529,8896,2,"weapon, oglin cave access",3147,C4B,far,,Oglin Tunnel,,,,,,75g,,,
444,75,Antiqua - Oglin cave,70,125,71,126,530,8896,1,"weapon, oglin cave access",3150,C4E,far,,Oglin Tunnel,,,,,,75f,,,
445,75,Antiqua - Oglin cave,39,114,41,115,530,8896,0,"weapon, oglin cave access",3153,C51,far,,Oglin Tunnel,,,,,,,,,
446,75,Antiqua - Oglin cave,48,90,49,91,530,8895,7,"weapon, oglin cave access",3156,C54,far,,Oglin Tunnel,,,,,,75e,,,
447,75,Antiqua - Oglin cave,50,28,51,29,532,8895,6,"weapon, oglin cave access",3159,C57,far,,Oglin Tunnel,,,,,,75d,,,
448,75,Antiqua - Oglin cave,80,29,81,30,514,8895,5,"weapon, oglin cave access",3162,C5A,far,,Oglin Tunnel,,,,,,75d,,,
449,75,Antiqua - Oglin cave,86,74,87,75,514,8895,4,"weapon, oglin cave access",3165,C5D,far,,Oglin Tunnel,,,,,,75e,,,
450,75,Antiqua - Oglin cave,50,115,51,116,513,8895,3,"weapon, oglin cave access",3168,C60,far,,Oglin Tunnel,,,,,,,,,
451,75,Antiqua - Oglin cave,52,11,53,12,513,8895,2,"weapon, oglin cave access",3171,C63,far,,Oglin Tunnel,,,,,,75d,,,
452,75,Antiqua - Oglin cave,61,94,62,95,513,8895,1,"weapon, oglin cave access",3174,C66,far,,Oglin Tunnel,,,,,,75e,,,
453,75,Antiqua - Oglin cave,16,80,17,81,513,8895,0,"weapon, oglin cave access",3177,C69,far,,Oglin Tunnel,,,,,,75a,,,
454,75,Antiqua - Oglin cave,73,61,74,62,512,8894,7,"weapon, oglin cave access",3180,C6C,far,,Oglin Tunnel,,,,,,75e,,,
455,75,Antiqua - Oglin cave,15,91,16,92,512,8894,6,"weapon, oglin cave access",3183,C6F,far,,Oglin Tunnel,,,,,,75a,,,
456,75,Antiqua - Oglin cave,36,96,37,97,520,8894,5,"weapon, oglin cave access",3186,C72,far,,Oglin Tunnel,,,,,,75a,,,
457,75,Antiqua - Oglin cave,28,122,29,123,520,8894,4,"weapon, oglin cave access",3189,C75,far,,Oglin Tunnel,,,,,,,,,
458,75,Antiqua - Oglin cave,77,112,78,113,520,8894,3,"weapon, oglin cave access",3192,C78,far,,Oglin Tunnel,,,,,,75f,,,
459,75,Antiqua - Oglin cave,67,99,68,100,520,8894,2,"weapon, oglin cave access",3195,C7B,far,,Oglin Tunnel,,,,,,75e,,,
460,75,Antiqua - Oglin cave,63,42,64,43,515,8894,1,"weapon, oglin cave access",3198,C7E,far,,Oglin Tunnel,,,,,,75d,,,
461,75,Antiqua - Oglin cave,98,55,99,56,525,8894,0,"weapon, oglin cave access",3201,C81,far,,Oglin Tunnel,,,,,,75g,,,
462,75,Antiqua - Oglin cave,80,5,81,6,525,8893,7,"weapon, oglin cave access",3204,C84,far,,Oglin Tunnel,,,,,,75d,,,
463,75,Antiqua - Oglin cave,12,54,13,55,525,8893,6,"weapon, oglin cave access",3207,C87,far,,Oglin Tunnel,,,,,,75b,,,
464,75,Antiqua - Oglin cave,53,5,54,6,527,8893,5,"weapon, oglin cave access",3210,C8A,far,,Oglin Tunnel,,,,,,75d,,,
465,75,Antiqua - Oglin cave,32,35,33,36,527,8893,4,"weapon, oglin cave access",3213,C8D,far,,Oglin Tunnel,,,,,,75c,,,
466,75,Antiqua - Oglin cave,32,5,33,6,528,8893,3,"weapon, oglin cave access",3216,C90,far,,Oglin Tunnel,,,,,,75c,,,
467,75,Antiqua - Oglin cave,22,66,23,67,528,8893,2,"weapon, oglin cave access",3219,C93,far,,Oglin Tunnel,,,,,,75b,,,
468,75,Antiqua - Oglin cave,23,81,24,82,528,8893,1,"weapon, oglin cave access",3222,C96,far,,Oglin Tunnel,,,,,,75a,,,
469,75,Antiqua - Oglin cave,48,80,49,81,528,8893,0,"weapon, oglin cave access",3225,C99,far,,Oglin Tunnel,,,,,,75e,,,
470,75,Antiqua - Oglin cave,86,92,87,93,516,8892,7,"weapon, oglin cave access",3228,C9C,far,,Oglin Tunnel,,,,,,75e,,,
471,75,Antiqua - Oglin cave,66,52,67,53,516,8892,6,"weapon, oglin cave access",3231,C9F,far,,Oglin Tunnel,,,,,,75d,,,
472,75,Antiqua - Oglin cave,14,22,15,23,516,8892,5,"weapon, oglin cave access",3234,CA2,far,,Oglin Tunnel,,,,,,75c,,,
473,55,Gothica - Gomi's Tower,13,101,14,102,513,8919,5,knight basher,1950,79E,dumb,,Dark Forest,behind Knight Basher,,,,,,,,
474,55,Gothica - Gomi's Tower,50,94,51,95,513,8919,4,knight basher,1953,7A1,dumb,,Dark Forest,behind Knight Basher,,,,,,,,
475,55,Gothica - Gomi's Tower,50,101,51,102,533,8919,3,knight basher,1956,7A4,dumb,,Dark Forest,behind Knight Basher,,,,,,,,
476,55,Gothica - Gomi's Tower,14,51,15,52,533,8919,2,knight basher,1959,7A7,dumb,,Dark Forest,behind Knight Basher,,,,,,,,
477,55,Gothica - Gomi's Tower,29,85,30,86,518,8919,1,knight basher,1962,7AA,dumb,,Dark Forest,behind Knight Basher,,,,,,,,
478,55,Gothica - Gomi's Tower,43,118,44,119,518,8919,0,knight basher,1965,7AD,dumb,,Dark Forest,behind Knight Basher,,,,,,,,
479,55,Gothica - Gomi's Tower,37,124,38,125,515,8918,7,knight basher,1968,7B0,dumb,,Dark Forest,behind Knight Basher,,,,,,,,
480,55,Gothica - Gomi's Tower,8,120,9,121,515,8918,6,knight basher,1971,7B3,dumb,,Dark Forest,behind Knight Basher,,,,,,,,
481,55,Gothica - Gomi's Tower,25,117,26,118,524,8918,5,knight basher,1974,7B6,dumb,,Dark Forest,behind Knight Basher,,,,,,,,
482,55,Gothica - Gomi's Tower,32,62,33,63,524,8918,4,knight basher,1977,7B9,dumb,,Dark Forest,behind Knight Basher,,,,,,,,
483,55,Gothica - Gomi's Tower,35,19,36,20,524,8918,3,knight basher,1980,7BC,dumb,,Dark Forest,behind Knight Basher,,,,,,,,
484,55,Gothica - Gomi's Tower,18,41,19,42,521,8918,2,knight basher,1983,7BF,dumb,,Dark Forest,behind Knight Basher,,,,,,,,
485,55,Gothica - Gomi's Tower,51,37,52,38,521,8918,1,knight basher,1986,7C2,dumb,,Dark Forest,behind Knight Basher,,,,,,,,
486,55,Gothica - Gomi's Tower,55,68,56,69,532,8918,0,knight basher,1989,7C5,dumb,,Dark Forest,behind Knight Basher,,,,,,,,
487,55,Gothica - Gomi's Tower,14,75,15,76,532,8917,7,knight basher,1992,7C8,dumb,,Dark Forest,behind Knight Basher,,,,,,,,
488,55,Gothica - Gomi's Tower,12,107,13,108,525,8917,6,knight basher,1995,7CB,dumb,,Dark Forest,behind Knight Basher,,,,,,,,
489,55,Gothica - Gomi's Tower,53,84,54,85,525,8917,5,knight basher,1998,7CE,dumb,,Dark Forest,behind Knight Basher,,,,,,,,
490,55,Gothica - Gomi's Tower,37,27,38,28,525,8917,4,knight basher,2001,7D1,dumb,,Dark Forest,behind Knight Basher,,,,,,,,
491,34,Gothica - Dark Forest,25,30,26,31,518,8904,1,weapon,1176,498,dumb,,Dark Forest,,16,41,,,34l,,,overwrite
492,34,Gothica - Dark Forest,25,30,26,31,521,8904,4,weapon,1176,498,dumb,,Dark Forest,,15,8,,,34m,,,overwrite
493,34,Gothica - Dark Forest,25,30,26,31,529,8905,6,weapon,1176,498,dumb,,Dark Forest,,46,16,,,34n,,,overwrite
494,34,Gothica - Dark Forest,25,30,26,31,515,8905,1,weapon,1176,498,dumb,,Dark Forest,,16,41,,,34i,,,overwrite
495,34,Gothica - Dark Forest,25,30,26,31,524,8904,6,weapon,1176,498,dumb,,Dark Forest,,16,41,,,34j,,,overwrite
496,34,Gothica - Dark Forest,25,30,26,31,515,8905,2,weapon,1176,498,dumb,,Dark Forest,,55,34,,,34h,,,overwrite
497,34,Gothica - Dark Forest,25,30,26,31,529,8905,7,weapon,1176,498,dumb,,Dark Forest,,55,34,,,34o,,,overwrite
498,34,Gothica - Dark Forest,25,30,26,31,518,8904,2,weapon,1176,498,dumb,,Dark Forest,,16,41,,,34e,,,overwrite
499,34,Gothica - Dark Forest,25,30,26,31,521,8904,5,weapon,1176,498,dumb,,Dark Forest,,15,8,,,34k,,,overwrite
500,34,Gothica - Dark Forest,25,30,26,31,532,8905,5,weapon,1176,498,dumb,,Dark Forest,,16,41,,,34d,,,overwrite
501,34,Gothica - Dark Forest,25,30,26,31,524,8904,7,weapon,1176,498,dumb,,Dark Forest,,55,34,,,34f,,,overwrite
502,34,Gothica - Dark Forest,25,30,26,31,533,8905,4,weapon,1176,498,dumb,,Dark Forest,,55,34,,,34g,,,overwrite
503,34,Gothica - Dark Forest,25,30,26,31,515,8905,3,weapon,1176,498,dumb,,Dark Forest,,46,16,,,34c,,,overwrite
504,34,Gothica - Dark Forest,25,30,26,31,518,8904,3,weapon,1176,498,dumb,,Dark Forest,,15,8,,,34b,,,overwrite
505,34,Gothica - Dark Forest,25,30,26,31,524,8905,0,weapon,1176,498,dumb,,Dark Forest,,15,8,,,34a,,,overwrite
506,118,Gothica - South of Ivor Tower (Gate),38,60,39,61,532,8904,0,weapon,5418,152A,,,Ivor Tower,,,,,,,,,
507,118,Gothica - South of Ivor Tower (Gate),21,53,22,54,532,8903,7,weapon,5421,152D,,,Ivor Tower,,,,,,,,,
508,118,Gothica - South of Ivor Tower (Gate),17,73,18,74,525,8903,6,weapon,5424,1530,hidden,,Ivor Tower,,,,,,,,,
509,118,Gothica - South of Ivor Tower (Gate),0,47,1,48,515,8903,5,weapon,5427,1533,hidden,,Ivor Tower,,,,,,,,,
510,118,Gothica - South of Ivor Tower (Gate),26,43,27,44,515,8903,4,weapon,5430,1536,,,Ivor Tower,,,,,,,,,
511,118,Gothica - South of Ivor Tower (Gate),15,32,16,33,513,8903,3,weapon,5433,1539,,,Ivor Tower,,,,,,,,,
512,118,Gothica - South of Ivor Tower (Gate),29,17,30,18,529,8903,2,weapon,5436,153C,,,Ivor Tower,,,,,,,,,
513,118,Gothica - South of Ivor Tower (Gate),50,60,51,61,524,8903,1,weapon,5439,153F,,,Ivor Tower,,,,,,,,,
514,118,Gothica - South of Ivor Tower (Gate),36,27,37,28,524,8903,0,weapon,5442,1542,,,Ivor Tower,,,,,,,,,
515,118,Gothica - South of Ivor Tower (Gate),11,66,12,67,518,8902,7,weapon,5445,1545,hidden,,Ivor Tower,,,,,,,,,
516,118,Gothica - South of Ivor Tower (Gate),3,32,4,33,518,8902,6,weapon,5448,1548,hidden,,Ivor Tower,,,,,,,,,
517,118,Gothica - South of Ivor Tower (Gate),13,22,14,23,518,8902,5,weapon,5451,154B,,,Ivor Tower,,,,,,,,,
518,118,Gothica - South of Ivor Tower (Gate),36,67,37,68,533,8902,4,weapon,5454,154E,,,Ivor Tower,,,,,,,,,
519,118,Gothica - South of Ivor Tower (Gate),14,38,15,39,533,8902,3,weapon,5457,1551,,,Ivor Tower,,,,,,,,,
520,118,Gothica - South of Ivor Tower (Gate),34,49,35,50,521,8902,2,weapon,5460,1554,,,Ivor Tower,,,,,,,,,
521,118,Gothica - South of Ivor Tower (Gate),25,64,26,65,521,8902,1,weapon,5463,1557,,,Ivor Tower,,,,,,,,,
522,25,Gothica - Chessboard,55,37,56,38,513,8908,2,weapon,942,3AE,,,Chessboard,,,,,,,,,
523,25,Gothica - Chessboard,33,31,34,32,513,8908,1,weapon,945,3B1,,,Chessboard,,,,,,,,,
524,25,Gothica - Chessboard,42,44,43,45,532,8908,0,weapon,948,3B4,,,Chessboard,,,,,,,,,
525,25,Gothica - Chessboard,42,4,43,5,532,8907,7,weapon,951,3B7,,,Chessboard,,,,,,,,,
526,25,Gothica - Chessboard,73,24,74,25,515,8907,6,weapon,954,3BA,,,Chessboard,,,,,,,,,
527,25,Gothica - Chessboard,19,46,20,47,515,8907,5,weapon,957,3BD,,,Chessboard,,,,,,,,,
528,25,Gothica - Chessboard,55,55,56,56,515,8907,4,weapon,960,3C0,,,Chessboard,,,,,,,,,
529,25,Gothica - Chessboard,57,15,58,16,515,8907,3,weapon,963,3C3,,,Chessboard,,,,,,,,,
530,25,Gothica - Chessboard,42,12,43,13,529,8907,2,weapon,966,3C6,,,Chessboard,,,,,,,,,
531,25,Gothica - Chessboard,55,24,56,25,529,8907,1,weapon,969,3C9,,,Chessboard,,,,,,,,,
532,25,Gothica - Chessboard,24,56,25,57,529,8907,0,weapon,972,3CC,,,Chessboard,,,,,,,,,
533,25,Gothica - Chessboard,59,41,60,42,521,8906,6,weapon,975,3CF,,,Chessboard,,,,,,,,,
534,25,Gothica - Chessboard,32,18,33,19,521,8906,5,weapon,978,3D2,,,Chessboard,,,,,,,,,
535,25,Gothica - Chessboard,37,22,38,24,524,8906,7,weapon,981,3D5,,,Chessboard,,,,,,,,,
536,25,Gothica - Chessboard,19,43,20,44,533,8906,4,weapon,984,3D8,,,Chessboard,,,,,,,,,
537,25,Gothica - Chessboard,53,52,54,53,533,8906,3,weapon,987,3DB,,,Chessboard,,,,,,,,,
538,25,Gothica - Chessboard,57,12,58,13,533,8906,2,weapon,990,3DE,,,Chessboard,,,,,,,,,
539,25,Gothica - Chessboard,69,39,70,40,518,8906,1,weapon,993,3E1,,,Chessboard,,,,,,,,,
540,25,Gothica - Chessboard,17,18,18,19,518,8906,0,weapon,996,3E4,,,Chessboard,,,,,,,,,
541,116,Gothica - Ivor Tower Jail,42,27,43,28,1055,8920,2,weapon,5403,151B,,,Ivor Tower,,,,,,,,,
542,113,Gothica - Ivor Tower Key Chests,16,86,17,87,525,8911,3,weapon,5073,13D1,,,Ivor Tower,,,,,,,,,
543,113,Gothica - Ivor Tower Key Chests,89,72,91,73,525,8911,2,weapon,5076,13D4,dumb,right behind the dogmaze trigger,Ivor Tower,,,,,,,,,
544,113,Gothica - Ivor Tower Key Chests,73,71,74,72,525,8911,1,"weapon, queen's key chests access",5079,13D7,,,Ivor Tower,behind Queen's Key,,,,,,,,
545,113,Gothica - Ivor Tower Key Chests,39,56,40,57,525,8911,0,weapon,5082,13DA,,,Ivor Tower,,,,,,,,,
546,113,Gothica - Ivor Tower Key Chests,24,69,25,70,513,8910,7,"weapon, queen's key chests access",5085,13DD,,,Ivor Tower,behind Queen's Key,,,,,,,,
547,113,Gothica - Ivor Tower Key Chests,48,107,50,108,513,8910,6,"weapon, queen's key chests access",5088,13E0,,,Ivor Tower,behind Queen's Key,,,,,,,,
548,113,Gothica - Ivor Tower Key Chests,1,62,2,63,532,8910,5,weapon,5091,13E3,,,Ivor Tower,,,,,,,,,
549,113,Gothica - Ivor Tower Key Chests,116,62,117,63,532,8910,4,weapon,5094,13E6,,,Ivor Tower,,,,,,,,,
550,113,Gothica - Ivor Tower Key Chests,100,43,101,44,515,8910,3,"weapon, queen's key chests access",5097,13E9,,,Ivor Tower,behind Queen's Key,,,,,,,,
551,113,Gothica - Ivor Tower Key Chests,38,42,39,43,515,8910,2,"weapon, queen's key chests access",5100,13EC,,,Ivor Tower,behind Queen's Key,,,,,,,,
552,113,Gothica - Ivor Tower Key Chests,55,18,56,19,515,8910,1,"weapon, queen's key chests access",5103,13EF,,,Ivor Tower,behind Queen's Key,,,,,,,,
553,113,Gothica - Ivor Tower Key Chests,67,43,68,44,515,8910,0,"weapon, queen's key chests access",5106,13F2,,,Ivor Tower,behind Queen's Key,,,,,,,,
554,113,Gothica - Ivor Tower Key Chests,80,43,81,44,524,8909,7,"weapon, queen's key chests access",5109,13F5,,,Ivor Tower,behind Queen's Key,,,,,,,,
555,113,Gothica - Ivor Tower Key Chests,51,68,52,69,524,8909,6,"weapon, queen's key chests access",5112,13F8,,,Ivor Tower,behind Queen's Key,,,,,,,,
556,113,Gothica - Ivor Tower Key Chests,49,44,50,45,524,8909,5,"weapon, queen's key chests access",5115,13FB,,,Ivor Tower,behind Queen's Key,,,,,,,,
557,113,Gothica - Ivor Tower Key Chests,65,18,67,19,529,8909,4,"weapon, queen's key chests access",5118,13FE,,,Ivor Tower,behind Queen's Key,,,,,,,,
558,113,Gothica - Ivor Tower Key Chests,20,43,21,44,529,8909,3,"weapon, queen's key chests access",5121,1401,,,Ivor Tower,behind Queen's Key,,,,,,,,
559,113,Gothica - Ivor Tower Key Chests,33,70,34,71,529,8909,2,"weapon, queen's key chests access",5124,1404,,,Ivor Tower,behind Queen's Key,,,,,,,,
560,113,Gothica - Ivor Tower Key Chests,40,100,41,101,518,8909,1,"weapon, queen's key chests access",5127,1407,,,Ivor Tower,behind Queen's Key,,,,,,,,
561,113,Gothica - Ivor Tower Key Chests,57,94,58,95,518,8909,0,"weapon, queen's key chests access",5130,140A,,,Ivor Tower,behind Queen's Key,,,,,,,,
562,113,Gothica - Ivor Tower Key Chests,99,69,100,70,533,8908,7,weapon,5133,140D,,,Ivor Tower,,,,,,,,,
563,113,Gothica - Ivor Tower Key Chests,71,43,72,44,533,8908,6,"weapon, queen's key chests access",5136,1410,,,Ivor Tower,behind Queen's Key,,,,,,,,
564,113,Gothica - Ivor Tower Key Chests,32,43,33,44,533,8908,5,"weapon, queen's key chests access",5139,1413,,,Ivor Tower,behind Queen's Key,,,,,,,,
565,113,Gothica - Ivor Tower Key Chests,34,18,35,19,521,8908,4,"weapon, queen's key chests access",5142,1416,,,Ivor Tower,behind Queen's Key,,,,,,,,
566,113,Gothica - Ivor Tower Key Chests,18,68,19,69,521,8908,3,"weapon, queen's key chests access",5145,1419,,,Ivor Tower,behind Queen's Key,,,,,,,,
567,114,Gothica - Ivor Tower Interior Upper,84,46,85,47,513,8917,3,weapon,5226,146A,,,Ivor Tower,,,,,,114b,,,
568,114,Gothica - Ivor Tower Interior Upper,46,12,47,13,513,8917,2,weapon,5229,146D,,,Ivor Tower,,,,,,114a,,,
569,114,Gothica - Ivor Tower Interior Upper,89,40,90,41,533,8917,1,weapon,5232,1470,,,Ivor Tower,,,,,,114b,,,
570,114,Gothica - Ivor Tower Interior Upper,43,29,44,30,533,8917,0,weapon,5235,1473,,,Ivor Tower,,,,,,114a,,,
571,114,Gothica - Ivor Tower Interior Upper,45,46,46,47,533,8916,7,weapon,5238,1476,,,Ivor Tower,,,,,,114a,,,
572,114,Gothica - Ivor Tower Interior Upper,56,61,57,62,524,8916,6,weapon,5241,1479,,,Ivor Tower,,,,,,114a,,,
573,114,Gothica - Ivor Tower Interior Upper,85,29,86,30,524,8916,5,weapon,5244,147C,,,Ivor Tower,,,,,,114b,,,
574,114,Gothica - Ivor Tower Interior Upper,55,14,56,15,524,8916,4,weapon,5247,147F,,,Ivor Tower,,,,,,114a,,,
575,114,Gothica - Ivor Tower Interior Upper,85,11,86,12,525,8916,3,weapon,5250,1482,,,Ivor Tower,,,,,,114b,,,
576,114,Gothica - Ivor Tower Interior Upper,41,46,42,47,525,8916,2,weapon,5253,1485,,,Ivor Tower,,,,,,114a,,,
577,114,Gothica - Ivor Tower Interior Upper,74,61,75,62,532,8916,1,weapon,5256,1488,,,Ivor Tower,,,,,,114b,,,
578,114,Gothica - Ivor Tower Interior Upper,52,23,53,24,532,8916,0,weapon,5259,148B,,,Ivor Tower,,,,,,114a,,,
579,114,Gothica - Ivor Tower Interior Upper,88,22,89,23,521,8915,7,weapon,5262,148E,,,Ivor Tower,,,,,,114b,,,
580,114,Gothica - Ivor Tower Interior Upper,41,57,42,58,521,8915,6,weapon,5265,1491,,,Ivor Tower,,,,,,114a,,,
581,126,Omnitopia - Boiler Room,39,19,40,20,529,8899,3,rocket,5700,1644,far,,Omnitopia,,,,,,,,,
582,126,Omnitopia - Boiler Room,56,21,57,22,529,8899,2,rocket,5703,1647,far,,Omnitopia,,,,,,,,,
583,126,Omnitopia - Boiler Room,77,19,78,20,512,8899,1,rocket,5706,164A,far,,Omnitopia,,,,,,,,,
584,126,Omnitopia - Boiler Room,96,28,97,29,527,8899,0,rocket,5709,164D,far,,Omnitopia,,,,,,,,,
585,126,Omnitopia - Boiler Room,77,28,78,29,521,8898,7,rocket,5712,1650,far,,Omnitopia,,,,,,,,,
586,126,Omnitopia - Boiler Room,88,12,89,13,521,8898,6,rocket,5715,1653,far,,Omnitopia,,,,,,,,,
587,126,Omnitopia - Boiler Room,103,23,104,24,526,8898,5,rocket,5718,1656,far,,Omnitopia,,,,,,,,,
588,126,Omnitopia - Boiler Room,63,17,64,18,519,8898,4,rocket,5721,1659,far,,Omnitopia,,,,,,,,,
589,126,Omnitopia - Boiler Room,42,21,43,22,523,8898,3,rocket,5724,165C,far,,Omnitopia,,,,,,,,,
590,126,Omnitopia - Boiler Room,20,19,21,20,523,8898,2,rocket,5727,165F,far,,Omnitopia,,,,,,,,,
591,126,Omnitopia - Boiler Room,15,16,16,17,522,8898,1,rocket,5730,1662,far,,Omnitopia,,,,,,,,,
592,126,Omnitopia - Boiler Room,45,21,46,22,522,8898,0,rocket,5733,1665,far,,Omnitopia,,,,,,,,,
